timestamp_s,latitude,longitude,elevation_m,speed_ms,acc_x_ms2,acc_y_ms2,inc_x_deg,inc_y_deg
0.0,3.410966626,-76.54977992,965.0,1.5,15.0,0.0,44.98,0.0
0.1,3.410969305980744,-76.54977959121356,965.3,3.0,8.51,1.84,44.46,4.82
0.2,3.4109721661540817,-76.54977924032066,965.608,3.2,2.0,1.77,42.72,4.64
0.3,3.4109752027608193,-76.54977886778248,965.908,3.4,1.99,-0.13,39.39,-0.35
0.4,3.4109784175888747,-76.54977847337969,966.18,3.6,2.04,-1.9,33.93,-4.98
0.5,3.410981818328918,-76.54977805616876,966.402,3.81,2.16,-1.7,25.6,-4.45
0.6,3.4109854186360953,-76.54977761447448,966.551,4.03,2.34,0.26,13.77,0.69
0.7,3.410989237826538,-76.54977714592705,966.6,4.28,2.59,1.95,-1.11,5.11
0.8,3.4109933001049066,-76.54977664755704,966.526,4.55,2.88,1.62,-16.58,4.24
0.9,3.4109976331784986,-76.5497761159652,966.311,4.85,3.19,-0.39,-29.53,-1.03
1.0,3.4110022660794477,-76.54977554758983,965.949,5.19,3.51,-2.0,-38.45,-5.23
1.1,3.4110072260200677,-76.54977493909246,965.451,5.55,3.78,-1.53,-43.34,-4.01
1.2,3.411012534198182,-76.54977428787248,964.86,5.94,3.95,0.52,-44.33,1.37
1.3,3.411018200713861,-76.54977359269078,964.253,6.34,3.98,2.03,-40.84,5.33
1.4,3.411024219200922,-76.54977285432841,963.738,6.74,3.79,1.44,-30.9,3.77
1.5,3.4110305623667267,-76.54977207613365,963.437,7.1,3.35,-0.65,-11.73,-1.7
1.6,3.4110371801373356,-76.54977126424973,963.45,7.41,2.68,-2.06,13.47,-5.4
1.7,3.411044002094066,-76.54977042731576,963.808,7.64,1.82,-1.34,32.8,-3.51
1.8,3.4110509449668673,-76.54976957554753,964.447,7.77,0.88,0.77,42.18,2.02
1.9,3.411057924200818,-76.54976871931842,965.22,7.81,-0.0,1.25,43.72,0.61
2.0,3.411064866847211,-76.54976786757796,965.938,7.77,-0.69,-1.02,38.05,-9.69
2.1,3.4110717475722843,-76.54976732178046,966.432,7.67,-1.1,-2.88,23.33,-13.8
2.2,3.4110785362248897,-76.54976698932349,966.6,7.55,-1.18,-2.67,-0.69,-8.84
2.3,3.4110852223527255,-76.5497666618874,966.419,7.44,-0.96,-1.13,-24.11,-2.95
2.4,3.411091838862527,-76.54976633786069,965.941,7.36,-0.49,1.01,-38.12,2.65
2.5,3.4110984373218325,-76.54976601471795,965.266,7.34,0.14,2.1,-43.72,5.5
2.6,3.411105079317046,-76.54976568944315,964.532,7.39,0.83,1.01,-42.82,2.65
2.7,3.4111118269694343,-76.54976535899407,963.888,7.51,1.47,-1.13,-34.83,-2.95
2.8,3.411118733122497,-76.5497650207828,963.481,7.68,1.95,-2.1,-16.88,-5.49
2.9,3.4111258318154096,-76.5497646731424,963.425,7.9,2.18,-1.29,9.6,-4.65
3.0,3.4111331302375216,-76.54976431572076,963.763,8.12,2.09,0.13,31.36,-3.18
3.1,3.4111406087968423,-76.54976409763924,964.434,8.31,1.65,1.07,41.9,-0.45
3.2,3.4111482117569127,-76.54976398734644,965.269,8.45,0.92,0.47,43.37,0.23
3.3,3.4111558586099497,-76.5497638764169,966.035,8.5,0.01,-1.34,36.17,-3.51
3.4,3.411163464116124,-76.54976376608717,966.51,8.45,-0.89,-2.06,17.58,-5.4
3.5,3.4111709514397157,-76.54976365747186,966.572,8.32,-1.61,-0.11,-10.09,1.42
3.6,3.4111782664295647,-76.54976355135652,966.227,8.13,-2.04,3.26,-31.73,14.3
3.7,3.41118537730646,-76.5497632626844,965.589,7.91,-2.12,4.07,-41.92,17.03
3.8,3.411192289741348,-76.54976271733999,964.829,7.7,-1.87,1.27,-43.88,5.71
3.9,3.411199053153577,-76.54976218375245,964.122,7.54,-1.35,-1.53,-39.0,-4.01
4.0,3.4112057241256215,-76.54976165745784,963.614,7.44,-0.66,-2.0,-25.82,-5.23
4.1,3.4112123695255163,-76.54976113318068,963.403,7.41,0.09,-0.39,-3.18,-1.03
4.2,3.4112190566430844,-76.54976060561229,963.533,7.45,0.79,1.62,21.14,4.24
4.3,3.4112258435269998,-76.54976007017301,963.988,7.56,1.33,1.95,36.84,5.11
4.4,3.411232770005154,-76.54975952372068,964.683,7.72,1.64,0.26,43.42,0.69
4.5,3.41123985028291,-76.5497589651346,965.467,7.89,1.63,-1.7,42.67,-4.45
4.6,3.4112470686393164,-76.54975839565505,966.15,8.05,1.29,-1.9,33.8,-4.98
4.7,3.4112543800297566,-76.54975781883574,966.547,8.15,0.66,-0.13,13.74,-0.35
4.8,3.4112617167434216,-76.54975724001861,966.548,8.18,-0.15,1.77,-13.73,4.64
4.9,3.4112690004840105,-76.54975666538068,966.152,8.12,-1.0,1.84,-33.75,4.83
5.0,3.411276157077415,-76.54975610077382,965.477,7.98,-1.73,0.0,-42.64,0.02
5.1,3.411283129794049,-76.54975555029974,964.705,7.77,-2.22,-1.84,-43.54,-4.8
5.2,3.411289888069938,-76.54975501624821,964.021,7.53,-2.4,-1.77,-37.47,-4.64
5.3,3.411296430243359,-76.5497544992735,963.562,7.29,-2.27,0.13,-23.07,0.35
5.4,3.4113027809822163,-76.54975399742632,963.4,7.08,-1.88,1.9,-0.5,4.98
5.5,3.4113089855023295,-76.5497535071336,963.543,6.92,-1.3,1.7,21.91,4.45
5.6,3.411315102212051,-76.54975302377983,963.949,6.82,-0.62,-0.26,36.31,-0.69
5.7,3.411321195005759,-76.54975254231596,964.542,6.79,0.08,-0.32,43.05,4.34
5.8,3.4113273257306895,-76.54975205785468,965.222,6.83,0.72,4.21,43.98,26.48
5.9,3.411333428420267,-76.54975098092561,965.87,6.93,1.21,7.16,39.25,35.64
6.0,3.411339469901967,-76.5497489638163,966.363,7.08,1.5,4.57,26.99,19.94
6.1,3.411345646836472,-76.54974690148246,966.592,7.23,1.53,1.53,5.38,4.01
6.2,3.411351949717345,-76.54974479709809,966.494,7.38,1.28,-0.52,-19.16,-1.37
6.3,3.4113583449461484,-76.5497426618809,966.071,7.49,0.77,-2.03,-35.73,-5.33
6.4,3.4113647787945105,-76.54974051376955,965.411,7.54,0.07,-2.79,-43.1,-11.62
6.5,3.4113711854692284,-76.54973837473084,964.664,7.5,-0.71,-4.55,-43.45,-26.24
6.6,3.4113776023763447,-76.54973673823022,963.999,7.39,-1.44,-4.23,-37.12,-27.27
6.7,3.4113840521740655,-76.54973598572833,963.553,7.21,-2.02,-1.09,-22.55,-10.42
6.8,3.411390300849217,-76.54973525669153,963.4,6.99,-2.36,-0.77,-0.12,-2.02
6.9,3.4113963295793335,-76.54973455331586,963.54,6.74,-2.44,-2.08,21.78,-5.46
7.0,3.411402142876149,-76.54973387507492,963.92,6.5,-2.27,-1.23,35.83,-3.23
7.1,3.4114077656392974,-76.54973321906367,964.458,6.29,-1.9,0.89,42.68,2.34
7.2,3.4114132384160456,-76.54973258055142,965.063,6.12,-1.39,2.1,44.43,5.49
7.3,3.411418612034738,-76.54973195360799,965.648,6.01,-0.8,1.13,41.91,2.95
7.4,3.41142394228822,-76.54973133172402,966.138,5.96,-0.17,-1.01,34.61,-2.65
7.5,3.4114292848969736,-76.54973070839856,966.471,5.98,0.42,-2.26,21.09,-6.41
7.6,3.4114346907208994,-76.54973007769773,966.6,6.05,0.94,-1.69,1.35,-6.59
7.7,3.4114402068014282,-76.5497294918836,966.496,6.16,1.32,0.24,-19.2,-2.23
7.8,3.411445868444635,-76.54972902609546,966.16,6.31,1.53,1.73,-33.98,3.33
7.9,3.41145167265752,-76.549728548578,965.629,6.47,1.53,0.89,-41.94,2.34
8.0,3.411457609314835,-76.54972806016423,964.981,6.62,1.31,-1.23,-44.31,-3.23
8.1,3.4114636479330094,-76.54972756336204,964.326,6.73,0.87,-2.08,-41.5,-5.46
8.2,3.411469740354361,-76.54972706213343,963.786,6.79,0.26,-0.77,-32.42,-2.02
8.3,3.4114758264935308,-76.54972656142165,963.464,6.79,-0.43,1.23,-15.24,2.87
8.4,3.411481842348344,-76.54972606649223,963.415,6.71,-1.11,0.08,7.67,-6.0
8.5,3.4114877296337216,-76.54972562051024,963.636,6.56,-1.71,-2.96,27.1,-18.48
8.6,3.411493455803587,-76.5497257982345,964.07,6.37,-2.14,-3.16,38.56,-13.72
8.7,3.4114989747179165,-76.54972596952615,964.628,6.14,-2.37,-2.03,43.67,-5.33
8.8,3.4115042751007443,-76.54972613403518,965.216,5.89,-2.39,-0.52,44.26,-1.37
8.9,3.411509363634917,-76.54972629196902,965.754,5.66,-2.23,1.53,40.98,4.01
9.0,3.4115142622875205,-76.54972644400948,966.184,5.45,-1.92,2.0,33.56,5.23
9.1,3.4115190047911277,-76.5497265912035,966.47,5.27,-1.5,0.39,21.33,1.03
9.2,3.4115236329771994,-76.54972673484943,966.594,5.14,-1.01,-3.29,4.7,-13.92
9.3,3.411528193335388,-76.54972687639017,966.556,5.07,-0.49,-7.1,-12.98,-32.82
9.4,3.4115326348746002,-76.54972760250352,966.362,5.05,0.04,-5.55,-27.41,-28.99
9.5,3.411536993818842,-76.54972897660922,966.03,5.08,0.54,-0.11,-37.09,-5.98
9.6,3.41154141913301,-76.54973037163725,965.587,5.15,0.97,1.9,-42.57,4.98
9.7,3.4115459449601615,-76.54973179835082,965.071,5.27,1.32,0.13,-44.58,0.35
9.8,3.411550596221183,-76.54973326460593,964.533,5.42,1.54,-1.77,-43.31,-4.64
9.9,3.411555386039724,-76.54973477453966,964.036,5.58,1.61,-8.04,-38.15,-37.13
10.0,3.4115603136096797,-76.5497363278979,963.647,5.74,1.51,-12.66,-27.7,-52.22
10.1,3.4115642061583826,-76.54973991596076,963.43,5.88,1.24,-4.64,-10.72,-28.61
10.2,3.4115681599421133,-76.54974358435578,963.427,5.99,0.81,1.72,10.09,4.36
10.3,3.411572150581538,-76.54974728694623,963.646,6.04,0.26,-0.13,27.61,-0.35
10.4,3.4115761384161156,-76.54975098693428,964.058,6.04,-0.36,-1.9,38.44,-4.98
10.5,3.4115800816506945,-76.54975464554161,964.598,5.97,-0.97,-1.7,43.56,-4.45
10.6,3.4115839409458624,-76.54975822626838,965.181,5.84,-1.52,0.26,44.34,0.69
10.7,3.411587683445995,-76.5497616986305,965.724,5.67,-1.95,-6.62,41.3,-36.04
10.8,3.411591285571663,-76.54976504075057,966.161,5.46,-2.22,-18.64,34.16,-59.92
10.9,3.411592080051405,-76.54976937213854,966.454,5.22,-2.34,-14.48,22.41,-56.17
11.0,3.411591994848818,-76.54977386733876,966.589,4.99,-2.31,-4.47,6.6,-19.37
11.1,3.411591913508073,-76.54977815879222,966.574,4.76,-2.15,-1.53,-10.17,-4.01
11.2,3.411591835656644,-76.54978226615297,966.428,4.56,-1.89,0.52,-24.12,1.37
11.3,3.411591760771095,-76.54978621703695,966.178,4.38,-1.55,2.03,-33.91,5.33
11.4,3.411591688221837,-76.54979004466065,965.85,4.25,-1.16,1.44,-40.09,3.77
11.5,3.4115916173122987,-76.54979378577445,965.472,4.15,-0.75,-0.65,-43.53,-1.7
11.6,3.4115915473120793,-76.5497974789135,965.068,4.1,-0.32,-2.06,-44.81,-5.4
11.7,3.4115914774853415,-76.54980116289987,964.659,4.09,0.11,-1.34,-44.17,-3.51
11.8,3.4115914071165374,-76.54980487548508,964.271,4.12,0.51,0.77,-41.5,2.02
11.9,3.411591335535769,-76.54980865201226,963.925,4.19,0.88,2.08,-36.35,5.46
12.0,3.4115912621457727,-76.54981252399244,963.648,4.3,1.2,-2.69,-27.97,-18.59
12.1,3.411591186451748,-76.54981651753079,963.465,4.43,1.45,-14.87,-15.64,-57.27
12.2,3.4115897336877103,-76.54981999300976,963.4,4.59,1.61,-17.47,0.12,-62.95
12.3,3.411586454775679,-76.54982274540532,963.472,4.75,1.67,-6.42,16.34,-31.3
12.4,3.4115830609438986,-76.54982559426723,963.688,4.92,1.6,1.01,29.53,2.65
12.5,3.411579561449359,-76.54982853182493,964.042,5.07,1.4,2.1,38.35,5.5
12.6,3.411575974683025,-76.5498315426406,964.504,5.2,1.07,1.01,43.18,2.65
12.7,3.4115723274668124,-76.54983460419933,965.027,5.29,0.63,-3.12,44.61,-14.44
12.8,3.4115686533074827,-76.54983768837475,965.551,5.33,0.12,-9.54,42.81,-42.66
12.9,3.4115646441900105,-76.54984012246412,966.012,5.31,-0.43,-9.65,37.39,-44.1
13.0,3.411560128426636,-76.54984148481009,966.359,5.24,-0.97,-2.07,27.55,-15.36
13.1,3.411555718117187,-76.54984281534199,966.556,5.12,-1.44,2.08,12.96,5.46
13.2,3.411551450963012,-76.54984410268585,966.595,4.95,-1.83,0.77,-4.31,2.02
13.3,3.411547355430238,-76.54984533825382,966.489,4.75,-2.1,-1.34,-19.95,-3.51
13.4,3.411543449619989,-76.549846516585,966.264,4.53,-2.25,-2.06,-31.31,-5.4
13.5,3.4115397413331734,-76.54984763532599,965.957,4.3,-2.28,-2.11,-38.54,-10.17
13.6,3.411536229021781,-76.54984869494379,965.601,4.08,-2.22,-1.99,-42.68,-15.49
13.7,3.4115328101276603,-76.54984922268139,965.227,3.86,-2.07,-0.48,-44.59,-9.03
13.8,3.4115295300842003,-76.54984953535855,964.86,3.66,-1.86,-0.02,-44.8,-1.81
13.9,3.4115264065405344,-76.54984983311704,964.517,3.49,-1.61,-1.53,-43.56,-4.01
14.0,3.4115234149377316,-76.54985011829797,964.21,3.34,-1.32,-2.0,-40.96,-5.23
14.1,3.411520528472261,-76.54985039345648,963.946,3.22,-1.02,-0.39,-36.92,-1.03
14.2,3.411517719007236,-76.54985066127475,963.731,3.14,-0.7,1.62,-31.31,4.24
14.3,3.4115149577674484,-76.54985092449584,963.567,3.08,-0.38,1.95,-23.97,5.11
14.4,3.4115122158777984,-76.54985118587234,963.457,3.06,-0.06,0.26,-14.86,0.69
14.5,3.411509464810813,-76.54985144812369,963.405,3.07,0.26,-1.7,-4.33,-4.45
14.6,3.411506676808739,-76.54985171389595,963.411,3.11,0.56,-1.9,6.8,-4.98
14.7,3.4115038253420855,-76.54985198571812,963.481,3.18,0.85,-0.13,17.42,-0.35
14.8,3.4115008856602285,-76.54985226594958,963.616,3.28,1.11,1.77,26.6,4.64
14.9,3.41149783547954,-76.54985255671458,963.818,3.4,1.34,1.84,33.91,4.82
15.0,3.411494655837839,-76.54985285982073,964.086,3.55,1.53,0.0,39.28,0.0
15.1,3.4114913321171914,-76.54985317666153,964.414,3.71,1.66,-0.4,42.82,3.51
15.2,3.4114878551971937,-76.54985350810637,964.791,3.88,1.72,2.68,44.61,19.77
15.3,3.4114843573034705,-76.5498543917805,965.197,4.05,1.71,4.7,44.61,25.3
15.4,3.4114808529116094,-76.54985586364154,965.607,4.22,1.6,3.44,42.58,13.92
15.5,3.411477222132789,-76.5498573885857,965.986,4.37,1.4,1.7,38.02,4.45
15.6,3.4114734858879596,-76.54985895782607,966.298,4.5,1.1,-0.26,30.1,-0.69
15.7,3.4114696726478178,-76.54986055940485,966.511,4.59,0.72,-1.95,18.08,-5.11
15.8,3.4114658170912584,-76.54986217875671,966.598,4.65,0.28,-1.62,2.48,-4.24
15.9,3.411461958002966,-76.54986379959193,966.551,4.65,-0.2,0.39,-13.69,1.03
16.0,3.4114581356363023,-76.54986540500389,966.374,4.61,-0.68,2.0,-26.93,5.23
16.1,3.4114543889054123,-76.54986697864845,966.09,4.51,-1.12,1.53,-36.0,4.01
16.2,3.4114507528170517,-76.54986850582264,965.731,4.38,-1.51,-0.52,-41.46,-1.37
16.3,3.4114472564886262,-76.54986997429701,965.333,4.21,-1.82,-2.03,-44.2,-5.33
16.4,3.411443921950784,-76.54987137481857,964.931,4.02,-2.04,-1.44,-44.84,-3.77
16.5,3.411440763757958,-76.54987270127438,964.555,3.81,-2.17,0.65,-43.74,1.7
16.6,3.4114377892857544,-76.54987395056668,964.223,3.58,-2.22,2.06,-41.08,5.4
16.7,3.4114349995127546,-76.54987512228445,963.947,3.36,-2.2,1.34,-36.93,3.51
16.8,3.4114323900683825,-76.54987621826334,963.731,3.14,-1.81,-0.77,-31.32,-2.02
16.9,3.411429900057308,-76.54987726407968,963.571,3.0,-0.72,-2.08,-24.2,-5.46
17.0,3.4114274100462336,-76.54987830989603,963.461,3.0,0.0,-1.23,-15.33,-3.23
17.1,3.4114249200351594,-76.54987935571238,963.406,3.0,0.0,0.89,-5.1,2.34
17.2,3.411422430024085,-76.54988040152872,963.408,3.0,0.0,2.1,5.64,5.49
17.3,3.411419940013011,-76.54988144734507,963.466,3.0,0.0,1.13,15.82,2.95
17.4,3.4114174500019367,-76.54988249316142,963.578,3.0,0.0,-1.01,24.61,-2.65
17.5,3.4114149599908625,-76.54988353897777,963.74,3.0,0.0,-2.1,31.65,-5.5
17.6,3.4114124699797883,-76.54988458479411,963.948,3.0,0.0,-2.52,36.97,-11.36
17.7,3.411409979968714,-76.54988563061046,964.192,3.0,0.02,-2.34,40.78,-16.49
17.8,3.411407344351861,-76.54988615580152,964.466,3.0,0.19,-0.31,43.29,-8.27
17.9,3.411404635988869,-76.5498865305286,964.761,3.04,0.49,0.45,44.65,-0.26
18.0,3.411401871308634,-76.54988691304767,965.072,3.1,0.77,-1.23,44.94,-3.23
18.1,3.4113990263733878,-76.54988730667078,965.389,3.19,1.02,-2.08,44.08,-5.46
18.2,3.4113960797449177,-76.54988771436409,965.701,3.31,1.24,-0.77,41.89,-2.02
18.3,3.4113930132445667,-76.54988813864277,965.993,3.44,1.42,1.34,38.02,3.51
18.4,3.411389812863148,-76.54988858144515,966.248,3.59,1.55,2.06,31.93,5.4
18.5,3.4113864697861445,-76.54988904399077,966.447,3.75,1.61,0.65,22.99,1.7
18.6,3.411382981453719,-76.54988952663382,966.57,3.91,1.6,-1.44,10.88,-3.77
18.7,3.411379352522754,-76.54989002872999,966.597,4.07,1.51,-2.03,-3.49,-5.33
18.8,3.4113755955508553,-76.5498905485418,966.516,4.21,1.32,-0.52,-17.65,-1.37
18.9,3.411371731198448,-76.5498910832107,966.322,4.33,1.05,1.53,-29.22,4.01
19.0,3.4113677877662028,-76.54989162882103,966.024,4.42,0.69,2.0,-37.33,5.23
19.1,3.411363799965624,-76.54989218057013,965.643,4.47,0.28,0.39,-42.26,1.03
19.2,3.4113598069561766,-76.54989273303991,965.21,4.48,-0.17,-1.62,-44.53,-4.24
19.3,3.4113558498418843,-76.54989328054327,964.766,4.44,-0.63,-1.95,-44.48,-5.11
19.4,3.4113519689530176,-76.54989381750015,964.347,4.35,-1.06,-0.26,-42.2,-0.69
19.5,3.41134820129467,-76.54989433879052,963.986,4.23,-1.45,1.7,-37.56,4.45
19.6,3.4113445785013017,-76.5498948400375,963.707,4.06,-1.76,1.9,-30.36,4.98
19.7,3.4113411255117865,-76.54989531779054,963.518,3.87,-2.0,0.13,-20.56,0.35
19.8,3.4113378600204354,-76.54989576960148,963.419,3.66,-2.16,-1.77,-8.8,-4.64
19.9,3.4113347926180952,-76.54989619400496,963.403,3.44,-2.25,-1.84,3.44,-4.82
20.0,3.4113319274483476,-76.5498965904277,963.455,3.21,-2.2,0.0,14.52,0.0
20.1,3.411329252834941,-76.5498969604852,963.56,3.0,-1.07,1.84,23.52,4.82
20.2,3.4113265782215345,-76.5498973305427,963.716,3.0,0.0,1.77,30.8,4.64
20.3,3.4113239036081278,-76.5498977006002,963.917,3.0,0.0,-0.13,36.35,-0.35
20.4,3.4113212289947215,-76.5498980706577,964.157,3.0,0.0,-1.9,40.35,-4.98
20.5,3.4113185543813147,-76.54989844071521,964.427,3.0,0.0,-1.7,43.02,-4.45
20.6,3.411315879767908,-76.54989881077272,964.717,3.0,0.0,0.26,44.53,0.69
20.7,3.4113132051545016,-76.54989918083022,965.017,3.0,0.0,1.95,44.98,5.11
20.8,3.411310530541095,-76.54989955088772,965.317,3.0,0.0,1.62,44.41,4.24
20.9,3.411307855927688,-76.54989992094522,965.605,3.0,0.0,-0.39,42.77,-1.03
21.0,3.411305181314282,-76.54990029100273,965.872,3.0,0.0,-2.0,39.96,-5.23
21.1,3.411302506700875,-76.54990066106024,966.108,3.0,0.0,-1.66,35.79,-4.76
21.2,3.4112998320874683,-76.54990103111774,966.305,3.0,0.15,-0.03,30.05,-1.83
21.3,3.4112971252564415,-76.54990135855752,966.456,3.03,0.45,1.32,22.48,1.17
21.4,3.4112943538084277,-76.54990158590434,966.557,3.09,0.73,1.14,12.99,2.04
21.5,3.411291505397537,-76.54990181956455,966.599,3.18,0.98,-0.65,1.91,-1.7
21.6,3.411288558866259,-76.54990206127377,966.576,3.28,1.19,-2.06,-9.74,-5.4
21.7,3.411285496443846,-76.54990231248973,966.481,3.41,1.37,-1.34,-20.65,-3.51
21.8,3.4112823046235126,-76.54990257432044,966.31,3.56,1.49,0.77,-29.76,2.02
21.9,3.411278975141385,-76.54990284744378,966.063,3.71,1.55,2.08,-36.66,5.46
22.0,3.4112755059756297,-76.54990313202562,965.744,3.87,1.53,1.23,-41.38,3.23
22.1,3.4112719022355837,-76.54990342764684,965.366,4.02,1.43,-0.89,-44.06,-2.34
22.2,3.41126817676856,-76.54990373325353,964.952,4.15,1.24,-2.1,-44.8,-5.49
22.3,3.41126435029373,-76.54990404714607,964.53,4.27,0.97,-1.13,-43.51,-2.95
22.4,3.4112604508971702,-76.54990436702052,964.135,4.35,0.62,1.01,-39.87,2.65
22.5,3.4112565128017827,-76.5499046900695,963.801,4.39,0.22,2.1,-33.32,5.5
22.6,3.4112525744541724,-76.54990501313917,963.558,4.39,-0.22,1.01,-23.27,2.65
22.7,3.4112486761178387,-76.54990533292663,963.424,4.35,-0.67,-1.13,-9.81,-2.95
22.8,3.4112448572814604,-76.54990564619258,963.407,4.26,-1.09,-2.1,5.25,-5.49
22.9,3.4112411542386427,-76.54990594995978,963.498,4.13,-1.46,-0.89,18.92,-2.34
23.0,3.411237598152615,-76.54990624167185,963.68,3.96,-1.78,1.23,29.38,3.23
23.1,3.411234213802847,-76.54990651929609,963.93,3.77,-2.01,2.08,36.53,5.46
23.2,3.411231019063642,-76.54990678136623,964.22,3.56,-2.18,0.77,41.06,2.02
23.3,3.4112280250345774,-76.54990702697177,964.528,3.34,-2.27,-1.61,43.65,-5.06
23.4,3.411225236660233,-76.54990725570707,964.834,3.11,-1.69,-2.7,44.82,-9.1
23.5,3.411222540649325,-76.54990738875608,965.135,3.0,-0.54,-1.14,44.88,-4.59
23.6,3.41121984209431,-76.54990747731782,965.432,3.0,0.0,1.31,43.9,3.04
23.7,3.4112171435392944,-76.54990756587954,965.713,3.0,0.0,2.03,41.82,5.33
23.8,3.4112144449842794,-76.54990765444126,965.968,3.0,0.0,0.52,38.5,1.37
23.9,3.411211746429264,-76.54990774300298,966.19,3.0,0.0,-1.53,33.75,-4.01
24.0,3.411209047874249,-76.54990783156471,966.369,3.0,0.0,-2.0,27.34,-5.23
24.1,3.4112063493192335,-76.54990792012643,966.5,3.0,0.0,-0.39,19.17,-1.03
24.2,3.4112036507642185,-76.54990800868815,966.578,3.0,0.0,1.62,9.42,4.24
24.3,3.411200952209203,-76.54990809724987,966.6,3.0,0.0,1.95,-1.25,5.11
24.4,3.411198253654188,-76.5499081858116,966.565,3.0,0.0,0.26,-11.78,0.69
24.5,3.4111955550991726,-76.54990827437332,966.474,3.0,0.0,-1.7,-21.21,-4.45
24.6,3.4111928565441576,-76.54990836293504,966.332,3.0,0.08,-1.9,-28.97,-4.98
24.7,3.4111901431868135,-76.54990845198256,966.141,3.02,0.31,-0.13,-35.01,-0.35
24.8,3.4111873884309007,-76.54990854238869,965.906,3.06,0.6,1.77,-39.47,4.64
24.9,3.411184567642015,-76.54990863496191,965.63,3.14,0.86,1.84,-42.55,4.82
25.0,3.41118165868562,-76.54990873042863,965.32,3.23,1.09,0.0,-44.36,0.0
25.1,3.4111786425987565,-76.54990882941118,964.985,3.35,1.27,-1.84,-44.93,-4.82
25.2,3.4111755044005627,-76.5499089324012,964.638,3.49,1.41,-1.77,-44.16,-4.64
25.3,3.411172234016272,-76.54990903972933,964.294,3.64,1.49,0.13,-41.8,0.35
25.4,3.4111688272496004,-76.54990915153329,963.976,3.79,1.5,1.9,-37.4,4.98
25.5,3.4111652866923072,-76.54990926772801,963.706,3.94,1.43,1.7,-30.32,4.45
25.6,3.411161622415972,-76.54990938798298,963.51,4.07,1.28,-0.26,-19.9,-0.69
25.7,3.411157852264501,-76.54990951171257,963.41,4.19,1.04,-1.95,-6.19,-5.11
25.8,3.4111540015748285,-76.54990963808528,963.42,4.28,0.72,-1.62,8.97,-4.24
25.9,3.411150102212238,-76.54990976605535,963.547,4.33,0.34,0.06,22.58,-0.93
26.0,3.4111461909163365,-76.54990989441704,963.782,4.35,-0.09,-2.01,32.77,-16.97
26.1,3.411142323694431,-76.5499099008049,964.104,4.32,-0.53,-5.46,39.45,-31.45
26.2,3.4111386820012646,-76.54990874920152,964.485,4.24,-0.95,-3.81,43.26,-19.89
26.3,3.411135139856776,-76.54990762907815,964.891,4.13,-1.34,-2.03,44.77,-5.33
26.4,3.4111317286736393,-76.54990655036836,965.289,3.97,-1.68,-1.44,44.39,-3.77
26.5,3.4111284742923966,-76.54990552124364,965.652,3.79,-1.94,0.65,42.3,1.7
26.6,3.411125396249161,-76.54990454788185,965.962,3.59,-2.13,2.06,38.55,5.4
26.7,3.411122507684314,-76.54990363443832,966.209,3.37,-2.25,1.34,33.19,3.51
26.8,3.411119815765608,-76.5499027831797,966.391,3.14,-1.83,-0.77,26.29,-2.02
26.9,3.411117240999419,-76.54990196896792,966.514,3.0,-0.68,-2.08,17.88,-5.46
27.0,3.4111146662332295,-76.54990115475614,966.584,3.0,0.0,-1.23,7.95,-3.23
27.1,3.41111209146704,-76.54990034054437,966.598,3.0,0.0,0.89,-2.76,2.34
27.2,3.4111095167008503,-76.5498995263326,966.555,3.0,0.0,2.1,-13.19,5.49
27.3,3.4111069419346607,-76.54989871212081,966.458,3.0,0.0,1.13,-22.4,2.95
27.4,3.411104367168471,-76.54989789790903,966.308,3.0,0.0,-1.01,-29.92,-2.65
27.5,3.4111017924022815,-76.54989708369726,966.112,3.0,0.0,-2.1,-35.69,-5.5
27.6,3.411099217636092,-76.54989626948549,965.877,3.0,0.0,-1.01,-39.89,-2.65
27.7,3.4110966428699023,-76.5498954552737,965.611,3.0,0.0,1.13,-42.73,2.95
27.8,3.4110940681037127,-76.54989464106193,965.323,3.0,0.0,2.1,-44.39,5.49
27.9,3.4110914933375236,-76.54989382685015,965.023,3.0,0.0,0.89,-44.98,2.34
28.0,3.411088918571334,-76.54989301263838,964.723,3.0,0.0,-1.23,-44.55,-3.23
28.1,3.4110863438051444,-76.54989219842659,964.433,3.0,0.14,-2.08,-43.06,-5.46
28.2,3.4110837453712537,-76.54989137673044,964.16,3.03,0.42,-0.77,-40.38,-2.02
28.3,3.411081098667774,-76.54989053977012,963.914,3.08,0.69,1.34,-36.25,3.51
28.4,3.4110783812029055,-76.5498896804331,963.703,3.17,0.94,2.06,-30.31,5.4
28.5,3.4110755731509643,-76.54988879244996,963.539,3.27,1.15,0.65,-22.14,1.7
28.6,3.4110726580384045,-76.54988787061131,963.434,3.4,1.32,-1.44,-11.56,-3.77
28.7,3.4110696235529723,-76.54988691102369,963.4,3.54,1.43,-2.03,0.89,-5.33
28.8,3.4110664624367475,-76.54988591139193,963.449,3.68,1.48,-0.52,13.69,-1.37
28.9,3.4110631733835866,-76.549884871303,963.587,3.83,1.46,1.53,25.01,4.01
29.0,3.4110597618183496,-76.54988379247239,963.816,3.98,1.35,2.0,33.78,5.23
29.1,3.411056240399841,-76.54988267890315,964.129,4.1,1.16,0.39,39.82,1.03
29.2,3.4110526290772785,-76.54988153690377,964.51,4.21,0.89,-1.62,43.4,-4.24
29.3,3.4110489545575997,-76.54988037491974,964.933,4.28,0.55,-1.95,44.78,-5.11
29.4,3.4110452491169725,-76.54987920315766,965.364,4.32,0.15,-0.26,44.04,-0.69
29.5,3.411041548806899,-76.54987803301799,965.767,4.31,-0.28,1.7,41.07,4.45
29.6,3.4110378912353054,-76.54987687639341,966.111,4.26,-0.71,1.9,35.55,4.98
29.7,3.411034313204719,-76.54987574492188,966.372,4.17,-1.12,0.13,27.11,0.35
29.8,3.411030848526005,-76.54987464929532,966.534,4.04,-1.49,-1.77,15.74,-4.64
29.9,3.411027526283125,-76.54987359871089,966.598,3.87,-1.8,-1.84,2.51,-4.82
30.0,3.411024369718626,-76.54987260051851,966.572,3.68,-2.03,-0.0,-10.5,-0.0
30.1,3.4110213957793265,-76.54987166007723,966.471,3.47,-2.19,2.36,-21.45,7.88
30.2,3.411018615247652,-76.54987078079677,966.313,3.24,-2.28,5.19,-29.72,23.86
30.3,3.4110160115496426,-76.54987013500046,966.118,3.01,-1.2,4.8,-35.57,26.34
30.4,3.4110133151520152,-76.54987027472713,965.883,3.0,-0.04,0.3,-39.8,7.69
30.5,3.4110106187543883,-76.54987041445379,965.618,3.0,0.0,-1.7,-42.67,-4.45
30.6,3.4110079223567613,-76.54987055418046,965.33,3.0,0.0,0.26,-44.36,0.69
30.7,3.4110052259591344,-76.54987069390712,965.031,3.0,0.0,1.95,-44.98,5.11
30.8,3.4110025295615074,-76.54987083363379,964.731,3.0,0.0,1.62,-44.57,4.24
30.9,3.4109998331638804,-76.54987097336046,964.44,3.0,0.0,-0.39,-43.11,-1.03
31.0,3.4109971367662535,-76.54987111308712,964.169,3.0,0.0,-2.0,-40.5,-5.23
31.1,3.4109944403686265,-76.54987125281379,963.928,3.0,0.0,-1.53,-36.56,-4.01
31.2,3.4109917439709996,-76.54987139254045,963.724,3.0,0.0,0.52,-31.09,1.37
31.3,3.4109890475733726,-76.54987153226712,963.566,3.0,0.0,2.03,-23.9,5.33
31.4,3.4109863511757457,-76.54987167199378,963.458,3.0,0.0,1.44,-14.97,3.77
31.5,3.4109836547781187,-76.54987181172045,963.405,3.0,0.02,-0.65,-4.7,-1.7
31.6,3.410980954133565,-76.54987195166719,963.409,3.0,0.2,-2.06,6.06,-5.4
31.7,3.410978222164402,-76.54987209323717,963.47,3.04,0.49,-1.34,16.32,-3.51
31.8,3.410975433686024,-76.54987223773543,963.59,3.1,0.76,0.77,25.27,2.02
31.9,3.4109725658974477,-76.54987238634354,963.769,3.19,0.99,2.08,32.53,5.46
32.0,3.4109695989960818,-76.54987254008763,964.006,3.3,1.19,1.23,38.02,3.23
32.1,3.4109665169278536,-76.54987269979966,964.297,3.43,1.34,-0.89,41.85,-2.34
32.2,3.4109633082565822,-76.54987286607222,964.634,3.57,1.44,-2.1,44.13,-5.49
32.3,3.4109599671002933,-76.54987303921013,965.005,3.72,1.47,-1.13,44.88,-2.95
32.4,3.410956494038949,-76.54987321918331,965.389,3.86,1.42,1.01,43.99,2.65
32.5,3.4109528968545373,-76.54987340558853,965.763,4.0,1.3,2.1,41.16,5.5
32.6,3.410949190933194,-76.54987359762846,966.098,4.12,1.08,1.01,35.87,2.65
32.7,3.4109453991570153,-76.54987379411739,966.364,4.22,0.79,-1.13,27.42,-2.95
32.8,3.4109415511558923,-76.54987399351985,966.537,4.28,0.43,-2.1,15.38,-5.49
32.9,3.4109376818821704,-76.54987419402468,966.6,4.3,0.02,-0.89,0.57,-2.34
33.0,3.4109338295992693,-76.54987439364903,966.547,4.29,-0.41,1.23,-14.29,3.23
33.1,3.410930033505596,-76.54987459036168,966.385,4.22,-0.83,6.45,-26.46,29.44
33.2,3.4109263313038842,-76.54987478220887,966.134,4.12,-1.23,10.24,-35.06,46.02
33.3,3.410923198042128,-76.54987639701626,965.819,3.98,-1.58,4.43,-40.53,26.95
33.4,3.410920276581958,-76.54987818233778,965.471,3.8,-1.87,-1.36,-43.6,-1.32
33.5,3.4109175083097,-76.54987987404526,965.116,3.6,-2.08,-0.65,-44.85,-1.7
33.6,3.4109149068684803,-76.54988146380131,964.776,3.39,-2.23,1.44,-44.67,3.77
33.7,3.4109124805436526,-76.54988294654271,964.468,3.16,-1.93,2.03,-43.3,5.33
33.8,3.410910175565282,-76.54988435512858,964.195,3.0,-0.79,0.52,-40.81,1.37
33.9,3.410907870586912,-76.54988576371444,963.95,3.0,0.0,-1.53,-37.02,-4.01
34.0,3.410905565608541,-76.5498871723003,963.742,3.0,0.0,-2.0,-31.71,-5.23
34.1,3.4109032606301706,-76.54988858088616,963.579,3.0,0.0,-0.39,-24.69,-1.03
34.2,3.4109009556518,-76.54988998947202,963.467,3.0,0.0,1.62,-15.92,4.24
34.3,3.4108986506734293,-76.54989139805788,963.408,3.0,0.0,1.95,-5.75,5.11
34.4,3.410896345695059,-76.54989280664374,963.406,3.0,0.0,0.26,5.0,0.69
34.5,3.4108940407166886,-76.5498942152296,963.461,3.0,0.0,-1.7,15.24,-4.45
34.6,3.4108917357383177,-76.54989562381546,963.57,3.0,0.0,-1.9,24.12,-4.98
34.7,3.4108894307599473,-76.54989703240132,963.729,3.0,0.0,-0.13,31.27,-0.35
34.8,3.410887125781577,-76.54989844098719,963.934,3.0,0.0,1.77,36.69,4.64
34.9,3.410884820803206,-76.54989984957305,964.176,3.0,0.0,1.84,40.59,4.82
35.0,3.4108825158248357,-76.54990125815891,964.448,3.0,0.05,0.0,43.17,0.0
35.1,3.4108802024693547,-76.54990267186407,964.74,3.01,0.26,-1.84,44.6,-4.82
35.2,3.410877857899639,-76.54990410464444,965.046,3.05,0.54,-1.77,44.96,-4.64
35.3,3.410875460995451,-76.5499055694067,965.356,3.12,0.8,0.05,44.23,-0.14
35.4,3.410872992792956,-76.54990707773979,965.662,3.21,1.03,1.72,42.27,3.9
35.5,3.410870420925276,-76.54990861275233,965.95,3.33,1.22,1.58,38.76,3.76
35.6,3.410867744752322,-76.54991020272377,966.205,3.46,1.36,-0.28,33.27,-0.79
35.7,3.4108649585457242,-76.54991185806851,966.41,3.6,1.45,-1.95,25.2,-5.11
35.8,3.4108620584346356,-76.54991358108636,966.548,3.75,1.46,-1.62,14.18,-4.24
35.9,3.4108590462640827,-76.54991537068112,966.6,3.89,1.4,0.39,0.69,1.03
36.0,3.410855930175017,-76.54991722201609,966.554,4.03,1.25,2.0,-13.34,5.23
36.1,3.4108527248601646,-76.549919126362,966.403,4.14,1.02,1.53,-25.52,4.01
36.2,3.41084945135295,-76.54992107122246,966.152,4.23,0.71,1.5,-34.58,10.27
36.3,3.410846136253101,-76.54992304079397,965.816,4.28,0.34,7.37,-40.51,38.45
36.4,3.4108433904710345,-76.54992550539892,965.419,4.3,-0.08,10.96,-43.79,47.87
36.5,3.4108420273558213,-76.54992910242572,964.995,4.27,-0.51,5.63,-44.81,28.62
36.6,3.4108406873535024,-76.54993263846157,964.578,4.2,-0.93,2.06,-43.8,5.4
36.7,3.4108393836028723,-76.54993607883544,964.201,4.08,-1.32,1.34,-40.75,3.51
36.8,3.4108381278044537,-76.54993939267167,963.886,3.93,-1.65,-0.77,-35.55,-2.02
36.9,3.4108369296933474,-76.549942554281,963.649,3.75,-1.92,-2.08,-28.08,-5.46
37.0,3.4108357967520546,-76.54994554391838,963.493,3.55,-2.12,-1.23,-18.5,-3.23
37.1,3.4108347341555003,-76.5499483479281,963.414,3.33,-2.25,0.89,-7.54,2.34
37.2,3.4108337449059993,-76.54995095838753,963.403,3.1,-1.63,2.1,3.52,5.49
37.3,3.4108327866360537,-76.54995348709724,963.45,3.0,-0.48,1.13,13.89,2.95
37.4,3.410831828366108,-76.54995601580697,963.551,3.0,0.0,-0.17,22.99,2.28
37.5,3.410830870096163,-76.54995854451668,963.704,3.0,0.0,4.1,30.39,26.79
37.6,3.4108302301083415,-76.5499610769212,963.903,3.0,0.0,8.66,36.04,41.95
37.7,3.410831129627068,-76.54996362719727,964.141,3.0,0.0,5.45,40.13,26.72
37.8,3.410832029145795,-76.54996617747334,964.409,3.0,0.0,2.1,42.88,5.49
37.9,3.410832928664522,-76.54996872774939,964.698,3.0,0.0,0.89,44.46,2.34
38.0,3.410833828183249,-76.54997127802545,964.998,3.0,0.0,-1.23,44.98,-3.23
38.1,3.4108347277019755,-76.54997382830152,965.298,3.0,0.0,-2.08,44.48,-5.46
38.2,3.4108356272207025,-76.54997637857758,965.587,3.0,0.0,-0.77,42.91,-2.02
38.3,3.410836526739429,-76.54997892885363,965.856,3.0,0.0,1.34,40.18,3.51
38.4,3.4108374262581562,-76.5499814791297,966.094,3.0,0.0,2.06,36.11,5.4
38.5,3.410838325776883,-76.54998402940576,966.293,3.0,0.08,0.65,30.47,1.7
38.6,3.4108392301765873,-76.54998659352016,966.448,3.02,0.31,-1.44,23.06,-3.77
38.7,3.4108401482566246,-76.54998919642043,966.551,3.06,0.59,-2.03,13.76,-5.33
38.8,3.4108410881144646,-76.54999186106417,966.598,3.13,0.85,-0.52,2.9,-1.37
38.9,3.4108420569671267,-76.54999460791278,966.581,3.23,1.07,1.53,-8.61,4.01
39.0,3.410843060929142,-76.54999745430187,966.496,3.35,1.25,2.0,-19.49,5.23
39.1,3.410844104746812,-76.55000041368797,966.337,3.48,1.38,0.39,-28.7,1.03
39.2,3.410845191498805,-76.55000349479958,966.104,3.62,1.45,-1.62,-35.79,-4.24
39.3,3.410846322286203,-76.55000670075843,965.802,3.77,1.45,1.87,-40.75,16.15
39.4,3.410847495949794,-76.550010028278,965.44,3.91,1.37,9.06,-43.72,42.86
39.5,3.4108498921084145,-76.55001263485931,965.039,4.05,1.21,8.62,-44.83,39.65
39.6,3.4108527856672795,-76.550015008706,964.625,4.16,0.96,3.32,-44.01,13.2
39.7,3.4108557361830374,-76.55001742927955,964.229,4.24,0.64,0.13,-41.04,0.35
39.8,3.410858718949548,-76.55001987631128,963.884,4.28,0.26,-1.77,-35.44,-4.64
39.9,3.410861705750737,-76.55002232665304,963.619,4.29,-0.16,-1.84,-26.64,-4.82
40.0,3.410864666547701,-76.55002475566118,963.455,4.25,-0.59,-0.0,-14.44,-0.0
40.1,3.4108675713525303,-76.55002713873395,963.4,4.17,-1.01,1.84,-0.0,4.82
40.2,3.4108703920391306,-76.55002945279696,963.452,4.05,-1.39,1.77,14.06,4.64
40.3,3.4108731038564315,-76.55003167754468,963.595,3.89,-1.71,-0.13,25.49,-0.35
40.4,3.4108756864800687,-76.55003379630323,963.81,3.71,-1.97,-1.9,33.68,-4.98
40.5,3.410878124538929,-76.55003579646227,964.072,3.5,-2.15,-1.7,39.11,-4.45
40.6,3.4108804076497456,-76.5500376695035,964.358,3.28,-2.27,0.26,42.46,0.69
40.7,3.410882530061337,-76.55003941070869,964.649,3.05,-1.39,2.14,44.27,6.19
40.8,3.410884618975425,-76.55004112443287,964.948,3.0,-0.24,7.76,44.97,36.29
40.9,3.410886728135593,-76.55004277050195,965.248,3.0,0.0,11.29,44.63,48.95
41.0,3.410889413644591,-76.550042490621,965.54,3.0,0.0,3.72,43.25,25.02
41.1,3.41089209915359,-76.55004221074006,965.813,3.0,0.0,-1.53,40.72,-4.01
41.2,3.410894784662588,-76.55004193085911,966.057,3.0,0.0,0.52,36.89,1.37
41.3,3.4108974701715864,-76.55004165097817,966.263,3.0,0.0,2.03,31.53,5.33
41.4,3.410900155680585,-76.55004137109724,966.425,3.0,0.0,1.44,24.45,3.77
41.5,3.4109028411895834,-76.55004109121629,966.536,3.0,0.0,-0.65,15.64,-1.7
41.6,3.4109055266985817,-76.55004081133535,966.593,3.0,0.0,-2.06,5.44,-5.4
41.7,3.4109082122075804,-76.5500405314544,966.593,3.0,0.0,-1.34,-5.31,-3.51
41.8,3.4109108977165787,-76.55004025157346,966.537,3.0,0.0,0.77,-15.52,2.02
41.9,3.410913583225577,-76.55003997169253,966.426,3.0,0.0,2.08,-24.35,5.46
42.0,3.4109162687345758,-76.55003969181158,966.265,3.0,0.11,1.23,-31.45,3.23
42.1,3.4109189730590725,-76.5500394099697,966.058,3.02,0.36,-0.89,-36.85,-2.34
42.2,3.410921722155372,-76.55003912346176,965.808,3.07,0.63,-2.1,-40.77,-5.49
42.3,3.4109245398027483,-76.5500388298095,965.521,3.15,0.88,-1.42,-43.35,-4.66
42.4,3.4109274470514297,-76.55003852681908,965.204,3.25,1.1,0.26,-44.71,-1.73
42.5,3.410930469943899,-76.55003832325026,964.866,3.37,1.27,1.48,-44.83,1.88
42.6,3.410933618329401,-76.55003817079078,964.521,3.5,1.39,0.85,-43.57,1.7
42.7,3.410936896201241,-76.55003801206098,964.187,3.65,1.45,-1.13,-40.63,-2.95
42.8,3.410940305811856,-76.55003784695177,963.885,3.79,1.44,-2.1,-35.51,-5.49
42.9,3.4109438425242646,-76.5500376756877,963.638,3.93,1.35,-0.89,-27.56,-2.34
43.0,3.410947494255101,-76.5500374988539,963.47,4.06,1.17,1.23,-16.22,3.23
43.1,3.4109512413531182,-76.55003731740197,963.401,4.17,0.91,2.08,-1.99,5.46
43.2,3.410955057064597,-76.55003713262747,963.443,4.24,0.58,0.77,12.85,2.02
43.3,3.410958908666105,-76.550036946115,963.597,4.28,0.19,-1.34,25.5,-3.51
43.4,3.410962759230547,-76.55003675965276,963.851,4.28,-0.23,-2.06,34.66,-5.4
43.5,3.410966569860062,-76.55003657512434,964.185,4.24,-0.66,-0.65,40.54,-1.7
43.6,3.4109703021096567,-76.55003639439144,964.568,4.15,-1.07,1.28,43.75,2.86
43.7,3.4109739202776614,-76.55003621918291,964.967,4.02,-1.44,0.54,44.85,-3.3
43.8,3.410977392239688,-76.55003610423464,965.352,3.86,-1.76,-1.95,44.17,-12.8
43.9,3.410980686138625,-76.55003639246056,965.7,3.67,-2.0,-2.66,41.87,-10.6
44.0,3.4109837913207177,-76.55003666417319,965.994,3.46,-2.17,-2.0,38.02,-5.23
44.1,3.4109866953970855,-76.55003691828848,966.227,3.24,-2.28,-0.39,32.66,-1.03
44.2,3.4109893918241645,-76.55003715423385,966.398,3.01,-1.2,1.62,25.92,4.24
44.3,3.410992081585381,-76.55003738959593,966.519,3.0,-0.04,1.95,17.42,5.11
44.4,3.4109947713465973,-76.55003762495801,966.586,3.0,0.0,0.26,7.43,0.69
44.5,3.4109974611078133,-76.55003786032009,966.597,3.0,0.0,-1.7,-3.3,-4.45
44.6,3.4110001508690297,-76.55003809568217,966.552,3.0,0.0,-1.9,-13.69,-4.98
44.7,3.411002840630246,-76.55003833104425,966.451,3.0,0.0,-0.13,-22.82,-0.35
44.8,3.4110055303914626,-76.55003856640633,966.299,3.0,0.0,1.77,-30.25,4.64
44.9,3.411008220152679,-76.55003880176841,966.101,3.0,0.0,1.84,-35.94,4.82
45.0,3.4110109099138954,-76.55003903713049,965.864,3.0,0.0,0.0,-40.06,0.0
45.1,3.4110135996751114,-76.55003927249257,965.597,3.0,0.0,-1.84,-42.84,-4.82
45.2,3.411016289436328,-76.55003950785463,965.308,3.0,0.0,-0.57,-44.44,2.34
45.3,3.4110189791975443,-76.55003974321671,965.008,3.0,0.0,2.63,-44.98,14.62
45.4,3.4110216693981212,-76.55003954652005,964.708,3.0,0.0,3.29,-44.5,13.02
45.5,3.4110243596324343,-76.55003931664834,964.419,3.0,0.13,1.79,-42.95,4.99
45.6,3.411027072471897,-76.55003908484508,964.148,3.03,0.4,-0.26,-40.22,-0.69
45.7,3.411029833626715,-76.55003884891345,963.903,3.08,0.67,-1.95,-36.03,-5.11
45.8,3.411032666554947,-76.550038606849,963.695,3.16,0.92,-1.62,-30.01,-4.24
45.9,3.4110355918925626,-76.55003835688846,963.534,3.26,1.13,0.39,-21.78,1.03
46.0,3.411038626750966,-76.55003809756974,963.432,3.38,1.29,2.0,-11.17,5.23
46.1,3.41104178388974,-76.55003782780257,963.4,3.52,1.41,1.53,1.25,4.01
46.2,3.411045070805633,-76.55003754694636,963.451,3.67,1.45,-0.52,13.96,-1.37
46.3,3.4110484888197807,-76.55003725488824,963.59,3.81,1.43,-2.03,25.17,-5.33
46.4,3.4110520322887785,-76.5500369521104,963.818,3.95,1.33,-1.44,33.85,-3.77
46.5,3.4110556881005802,-76.55003663973325,964.13,4.08,1.14,0.65,39.84,1.7
46.6,3.411059435627758,-76.55003631951932,964.509,4.18,0.87,2.06,43.4,5.4
46.7,3.4110632472819677,-76.55003599382593,964.928,4.25,0.53,1.34,44.78,3.51
46.8,3.411067089735964,-76.55003566550081,965.356,4.28,0.14,-0.95,44.08,-3.07
46.9,3.411070925761022,-76.55003533772502,965.757,4.28,-0.29,-3.29,41.19,-12.45
47.0,3.4110747188415598,-76.55003507747838,966.101,4.23,-0.72,-3.1,35.8,-14.0
47.1,3.4110784394334592,-76.55003511964603,966.362,4.13,-1.13,0.06,27.56,-2.52
47.2,3.4110820411807103,-76.55003516046673,966.528,4.0,-1.49,2.1,16.44,5.49
47.3,3.4110854937240482,-76.55003519959642,966.597,3.84,-1.79,1.13,3.41,2.95
47.4,3.4110887726806,-76.55003523675876,966.577,3.64,-2.03,-1.01,-9.52,-2.65
47.5,3.411091860124047,-76.55003527175056,966.483,3.43,-2.19,-2.1,-20.53,-5.5
47.6,3.4110947444632815,-76.55003530444046,966.333,3.21,-2.15,-1.01,-28.92,-2.65
47.7,3.4110974442932043,-76.55003533503921,966.144,3.0,-1.03,1.13,-34.95,2.95
47.8,3.411100144123127,-76.55003536563797,965.914,3.0,0.0,1.68,-39.36,3.09
47.9,3.4111028439530497,-76.55003539623672,965.652,3.0,0.0,0.01,-42.39,-2.78
48.0,3.411105537506705,-76.55003557466509,965.366,3.0,0.0,-1.76,-44.21,-6.3
48.1,3.4111082301802056,-76.5500357738244,965.068,3.0,0.0,-2.14,-44.96,-5.79
48.2,3.411110922853706,-76.55003597298372,964.767,3.0,0.0,-0.77,-44.68,-2.02
48.3,3.411113615527207,-76.55003617214304,964.475,3.0,0.0,1.34,-43.35,3.51
48.4,3.4111163082007074,-76.55003637130235,964.201,3.0,0.0,2.06,-40.88,5.4
48.5,3.411119000874208,-76.55003657046166,963.955,3.0,0.0,0.65,-37.12,1.7
48.6,3.4111216935477087,-76.55003676962097,963.747,3.0,0.0,-1.44,-31.85,-3.77
48.7,3.4111243862212093,-76.55003696878029,963.582,3.0,0.0,-2.03,-24.87,-5.33
48.8,3.41112707889471,-76.5500371679396,963.469,3.0,0.0,-0.52,-16.14,-1.37
48.9,3.4111297715682105,-76.55003736709892,963.409,3.0,0.0,1.53,-5.99,4.01
49.0,3.411132464241711,-76.55003756625824,963.406,3.0,0.15,2.0,4.75,5.23
49.1,3.411135183084545,-76.55003776735313,963.46,3.03,0.43,0.39,15.11,1.03
49.2,3.4111379535429203,-76.55003797226567,963.572,3.09,0.7,-1.62,24.23,-4.24
49.3,3.411140798741923,-76.5500381827063,963.743,3.17,0.95,-1.41,31.69,-1.94
49.4,3.411143738898906,-76.55003840017034,963.971,3.28,1.15,0.89,37.39,6.04
49.5,3.411146798180443,-76.55003842,964.255,3.4,1.31,2.37,41.43,8.37
49.6,3.41114998219733,-76.55003842,964.585,3.54,1.42,1.96,43.91,5.3
49.7,3.4111532969738363,-76.55003842,964.95,3.68,1.46,0.13,44.87,0.35
49.8,3.411156742956913,-76.55003842,965.333,3.83,1.42,-1.77,44.23,-4.64
49.9,3.4111603135230726,-76.55003842,965.709,3.97,1.31,-1.84,41.72,-4.82
50.0,3.4111639945231964,-76.55003842,966.05,4.09,1.11,0.0,36.87,0.0
50.1,3.411167764307265,-76.55003842,966.328,4.19,0.83,1.84,29.0,4.82
50.2,3.4111715943658645,-76.55003842,966.517,4.26,0.48,1.77,17.57,4.64
50.3,3.411175450641416,-76.55003842,966.598,4.28,0.08,-0.13,3.13,-0.35
50.4,3.4111792954396596,-76.55003842,966.564,4.27,-0.34,-1.9,-11.88,-4.98
50.5,3.4111830897417295,-76.55003842,966.421,4.22,-0.77,-1.7,-24.58,-4.45
50.6,3.411186795621071,-76.55003842,966.185,4.12,-1.17,0.26,-33.76,0.69
50.7,3.411190378442717,-76.55003842,965.882,3.98,-1.53,1.95,-39.71,5.11
50.8,3.4111938085751796,-76.55003842,965.54,3.81,-1.83,1.62,-43.16,4.24
50.9,3.4111970624573824,-76.55003842,965.187,3.62,-2.05,-0.39,-44.72,-1.03
51.0,3.411200122994825,-76.55003842,964.846,3.4,-2.21,-2.0,-44.81,-5.23
51.1,3.411202979370781,-76.55003842,964.533,3.17,-2.0,-1.53,-43.7,-4.01
51.2,3.4112056793734813,-76.55003842,964.255,3.0,-0.87,1.1,-41.49,4.75
51.3,3.4112083793761814,-76.55003842,964.003,3.0,0.0,4.58,-38.01,19.88
51.4,3.411211052164608,-76.55003821203822,963.786,3.0,0.0,4.77,-33.06,22.55
51.5,3.4112136609324706,-76.55003751485405,963.612,3.0,0.0,0.72,-26.44,6.26
51.6,3.411216269700333,-76.55003681766989,963.488,3.0,0.0,-2.06,-18.06,-5.4
51.7,3.411218878468196,-76.55003612048573,963.417,3.0,0.0,-1.34,-8.16,-3.51
51.8,3.4112214872360584,-76.55003542330157,963.402,3.0,0.0,0.77,2.55,2.02
51.9,3.4112240960039206,-76.5500347261174,963.443,3.0,0.0,2.08,13.0,5.46
52.0,3.4112267047717832,-76.55003402893325,963.54,3.0,0.0,1.23,22.24,3.23
52.1,3.411229313539646,-76.55003333174909,963.689,3.0,0.0,-0.89,29.79,-2.34
52.2,3.4112319223075085,-76.55003263456493,963.884,3.0,0.0,-2.1,35.6,-5.49
52.3,3.411234531075371,-76.55003193738077,964.118,3.0,0.0,-1.13,39.82,-2.95
52.4,3.4112371398432337,-76.5500312401966,964.384,3.0,0.01,-0.13,42.69,-4.0
52.5,3.411239750939454,-76.55003054239019,964.672,3.0,0.18,-0.55,44.36,-9.63
52.6,3.411242456638563,-76.55003024574673,964.975,3.04,0.47,-0.88,44.97,-8.27
52.7,3.4112452384181617,-76.55003007800978,965.284,3.1,0.74,-1.5,44.51,-5.13
52.8,3.41124809773718,-76.55002990559733,965.592,3.18,0.97,-2.1,42.85,-5.49
52.9,3.4112510544105183,-76.55002972731455,965.884,3.29,1.17,-0.89,39.75,-2.34
53.0,3.4112541245185253,-76.55002954219185,966.148,3.42,1.33,1.23,34.79,3.23
53.1,3.4112573195519387,-76.55002934953635,966.366,3.56,1.42,2.08,27.41,5.46
53.2,3.4112606454902172,-76.55002914898749,966.522,3.7,1.45,0.77,17.12,2.02
53.3,3.4112641019067658,-76.55002894057098,966.596,3.85,1.41,-1.34,4.14,-3.51
53.4,3.411267681237271,-76.55002872474297,966.575,3.98,1.28,-2.06,-9.96,-5.4
53.5,3.411271368378199,-76.55002850241415,966.451,4.1,1.07,-0.65,-22.75,-1.7
53.6,3.4112751407849773,-76.55002827494394,966.224,4.2,0.79,1.44,-32.6,3.77
53.7,3.4112789691983187,-76.55002804409662,965.908,4.26,0.43,2.03,-39.27,5.33
53.8,3.411282819037388,-76.55002781195735,965.525,4.29,0.03,0.52,-43.17,1.37
53.9,3.4112866523732364,-76.55002758081321,965.106,4.27,-0.4,-1.53,-44.75,-4.01
54.0,3.4112904302679747,-76.55002735301208,964.686,4.21,-0.83,-2.85,-44.26,-10.2
54.1,3.41129411517666,-76.55002713081787,964.296,4.1,-1.22,-2.98,-41.77,-15.8
54.2,3.411297665644267,-76.5500272108308,963.964,3.96,-1.57,-0.97,-37.18,-10.53
54.3,3.411301052998484,-76.55002758826559,963.706,3.79,-1.86,1.1,-30.36,0.14
54.4,3.411304262604723,-76.55002794589487,963.528,3.59,-2.08,0.26,-21.36,0.69
54.5,3.411307278301827,-76.55002828191789,963.429,3.37,-2.22,-1.7,-10.74,-4.45
54.6,3.4113100901075346,-76.55002859522239,963.4,3.14,-1.86,-1.9,0.36,-4.98
54.7,3.4113127735620834,-76.55002889422539,963.43,3.0,-0.72,-0.13,10.95,-0.35
54.8,3.411315457016632,-76.5500291932284,963.516,3.0,0.0,1.77,20.49,4.64
54.9,3.4113181404711814,-76.5500294922314,963.655,3.0,0.0,1.84,28.41,4.82
55.0,3.41132082392573,-76.55002979123441,963.841,3.0,0.0,-0.0,34.56,-0.0
55.1,3.411323507380279,-76.55003009023741,964.068,3.0,0.0,-1.84,39.08,-4.82
55.2,3.411326190834828,-76.55003038924042,964.328,3.0,0.0,-1.77,42.21,-4.64
55.3,3.411328874289377,-76.55003068824342,964.612,3.0,0.0,0.13,44.11,0.35
55.4,3.411331557743926,-76.55003098724644,964.91,3.0,0.0,1.9,44.94,4.98
55.5,3.4113342411984746,-76.55003128624945,965.211,3.0,0.0,1.7,44.73,4.45
55.6,3.4113369246530234,-76.55003158525246,965.504,3.0,0.0,-0.26,43.49,-0.69
55.7,3.4113396081075726,-76.55003188425546,965.78,3.0,0.0,-1.34,41.11,-1.55
55.8,3.4113422915621214,-76.55003218325847,966.028,3.0,0.0,0.99,37.45,10.67
55.9,3.4113449702089613,-76.55003226162944,966.239,3.0,0.03,3.77,32.3,20.01
56.0,3.4113476439999446,-76.55003184468059,966.407,3.01,0.22,3.37,25.43,13.21
56.1,3.4113503503409404,-76.55003142265592,966.526,3.04,0.5,1.53,16.68,4.01
56.2,3.4113531139135955,-76.55003099170659,966.59,3.11,0.77,-0.52,6.23,-1.37
56.3,3.411355956956512,-76.55003054836473,966.593,3.2,1.0,-2.03,-5.21,-5.33
56.4,3.4113588986496954,-76.55003008963942,966.529,3.31,1.2,-1.44,-16.39,-3.77
56.5,3.4113619543673845,-76.55002961313322,966.392,3.44,1.34,0.65,-26.16,1.7
56.6,3.411365134818909,-76.55002911717612,966.182,3.58,1.43,2.06,-33.9,5.4
56.7,3.4113684451334643,-76.55002860096829,965.899,3.72,1.45,1.34,-39.47,3.51
56.8,3.4113718839872234,-76.55002806471616,965.555,3.87,1.4,-0.77,-43.03,-2.02
56.9,3.4113754429127567,-76.55002750974013,965.164,4.0,1.26,-2.08,-44.69,-5.46
57.0,3.4113791059584933,-76.55002693852768,964.751,4.12,1.04,-1.23,-44.47,-3.23
57.1,3.4113828498633962,-76.5500263547061,964.347,4.21,0.74,0.89,-42.2,2.34
57.2,3.4113866448648547,-76.55002576291658,963.983,4.27,0.38,2.1,-37.48,5.49
57.3,3.4113904561630153,-76.55002516858576,963.691,4.29,-0.03,1.13,-29.73,2.95
57.4,3.4113942459381037,-76.55002457761124,963.494,4.26,-0.46,-1.01,-18.57,-2.65
57.5,3.411397975693402,-76.55002399599614,963.405,4.19,-0.88,-2.1,-4.62,-5.5
57.6,3.411401608617075,-76.5500234294809,963.425,4.09,-1.27,-1.01,9.84,-2.65
57.7,3.4114051116505832,-76.55002288322063,963.541,3.94,-1.62,1.13,22.22,2.95
57.8,3.411408457022076,-76.55002236154604,963.735,3.76,-1.89,2.1,31.4,5.49
57.9,3.411411623123275,-76.55002186782673,963.984,3.56,-2.1,0.89,37.62,2.34
58.0,3.411414594736706,-76.55002140443568,964.264,3.34,-2.24,-1.23,41.56,-3.23
58.1,3.4114173627203384,-76.5500209727985,964.554,3.11,-1.71,-2.08,43.82,-5.46
58.2,3.411420030593958,-76.55002055677241,964.85,3.0,-0.56,-0.77,44.86,-2.02
58.3,3.4114226984675784,-76.5500201407463,965.151,3.0,0.0,1.34,44.85,3.51
58.4,3.411425366341198,-76.5500197247202,965.447,3.0,0.0,2.06,43.82,5.4
58.5,3.411428034214818,-76.5500193086941,965.727,3.0,0.0,0.65,41.68,1.7
58.6,3.411430702088438,-76.550018892668,965.981,3.0,0.0,-1.44,38.29,-3.77
58.7,3.411433369962058,-76.5500184766419,966.201,3.0,0.0,-2.03,33.45,-5.33
58.8,3.411436037835678,-76.5500180606158,966.377,3.0,0.0,-0.52,26.95,-1.37
58.9,3.4114387057092976,-76.5500176445897,966.506,3.0,0.0,1.53,18.69,4.01
59.0,3.4114413735829174,-76.55001722856359,966.58,3.0,0.0,2.0,8.87,5.23
59.1,3.4114440414565377,-76.55001681253749,966.599,3.0,0.0,0.39,-1.82,1.03
59.2,3.4114467093301575,-76.5500163965114,966.561,3.0,0.0,-1.62,-12.32,-4.24
59.3,3.4114493772037773,-76.5500159804853,966.468,3.0,0.0,-1.95,-21.66,-5.11
59.4,3.4114520450773975,-76.55001556445919,966.323,3.0,0.05,-0.26,-29.34,-0.69
59.5,3.411454722526517,-76.5500151469399,966.13,3.01,0.26,1.7,-35.27,4.45
59.6,3.4114574359539276,-76.55001472381016,965.894,3.05,0.54,2.49,-39.65,8.39
59.7,3.411460209749556,-76.55001429126668,965.618,3.12,0.8,1.33,-42.65,7.29
59.8,3.4114630239069004,-76.55001363141847,965.31,3.21,1.03,-1.14,-44.4,-0.97
59.9,3.411465936411031,-76.55001294248318,964.978,3.33,1.22,-1.82,-44.93,-4.73
60.0,3.411468962922063,-76.55001222658025,964.633,3.46,1.36,0.0,-44.15,0.0
60.1,3.411472113295244,-76.55001148137848,964.294,3.6,1.44,1.84,-41.8,4.82
60.2,3.4114753917652645,-76.55001070587616,963.979,3.74,1.45,1.77,-37.47,4.64
60.3,3.411478796102069,-76.55000990060083,963.711,3.89,1.38,-0.13,-30.53,-0.35
60.4,3.411482316967801,-76.55000906776128,963.515,4.02,1.23,-1.9,-20.33,-4.98
60.5,3.4114859376419195,-76.55000821131266,963.412,4.13,1.0,-1.7,-6.9,-4.45
60.6,3.4114896342736576,-76.55000733689671,963.416,4.22,0.7,0.26,8.07,0.69
60.7,3.4114933767679143,-76.55000645163227,963.534,4.27,0.32,1.95,21.67,5.11
60.8,3.41149713031158,-76.55000556375415,963.757,4.29,-0.09,1.62,32.02,4.24
60.9,3.411500857420546,-76.55000468212901,964.067,4.26,-0.52,-0.39,38.91,-1.03
61.0,3.411504520269236,-76.55000381570424,964.437,4.18,-0.94,-3.87,42.94,-16.05
61.1,3.41150808299496,-76.55000297296297,964.833,4.07,-1.33,-5.48,44.69,-25.96
61.2,3.411511596171975,-76.55000279940337,965.226,3.92,-1.66,-1.77,44.59,-11.76
61.3,3.411514957112078,-76.55000271258751,965.588,3.74,-1.93,1.81,42.82,4.01
61.4,3.411518134169097,-76.55000263052149,965.901,3.53,-2.12,1.44,39.5,3.77
61.5,3.4115211128216973,-76.55000255358044,966.155,3.31,-2.25,-0.65,34.65,-1.7
61.6,3.411523884617684,-76.55000248198265,966.346,3.08,-1.55,-2.06,28.36,-5.4
61.7,3.4115265837232567,-76.55000241226251,966.484,3.0,-0.4,-1.34,20.45,-3.51
61.8,3.41152928282883,-76.55000234254238,966.57,3.0,0.0,0.77,10.89,2.02
61.9,3.4115319819344028,-76.55000227282225,966.6,3.0,0.0,2.08,0.3,5.46
62.0,3.4115346810399756,-76.55000220310214,966.573,3.0,0.0,1.23,-10.32,3.23
62.1,3.4115373801455484,-76.55000213338201,966.491,3.0,0.0,-0.89,-19.95,-2.34
62.2,3.4115400792511212,-76.55000206366188,966.355,3.0,0.0,-2.1,-27.97,-5.49
62.3,3.4115427783566945,-76.55000199394175,966.172,3.0,0.0,-1.13,-34.23,-2.95
62.4,3.4115454774622673,-76.55000192422162,965.947,3.0,0.0,1.01,-38.85,2.65
62.5,3.41154817656784,-76.55000185450149,965.689,3.0,0.0,2.1,-42.05,5.5
62.6,3.411550875673413,-76.55000178478136,965.406,3.0,0.0,1.01,-44.03,2.65
62.7,3.411553574778986,-76.55000171506123,965.109,3.0,0.0,-1.13,-44.92,-2.95
62.8,3.411556273884559,-76.5500016453411,964.808,3.0,0.0,-5.06,-44.77,-22.29
62.9,3.411558972990132,-76.55000157562097,964.514,3.0,0.07,-10.46,-43.59,-46.63
63.0,3.4115612684219747,-76.55000251106681,964.235,3.01,0.3,-8.45,-41.27,-41.41
63.1,3.4115631599389173,-76.55000451537198,963.981,3.06,0.58,-1.01,-37.6,-12.04
63.2,3.4115650956106367,-76.55000656646483,963.759,3.13,0.83,0.77,-32.24,2.02
63.3,3.411567090371611,-76.55000868017032,963.581,3.23,1.06,-1.34,-24.78,-3.51
63.4,3.411569156895046,-76.55001086991736,963.458,3.34,1.24,-2.06,-14.95,-5.4
63.5,3.411571305049627,-76.5500131461631,963.402,3.47,1.37,-0.65,-3.0,-1.7
63.6,3.41157354128634,-76.55001551574315,963.424,3.62,1.44,1.44,9.82,3.77
63.7,3.4115758680020516,-76.55001798119734,963.533,3.76,1.45,2.03,21.7,5.33
63.8,3.411578282956589,-76.55002054015189,963.733,3.91,1.37,0.52,31.27,1.37
63.9,3.411580778847383,-76.5500231848688,964.018,4.04,1.21,-10.95,38.13,-47.84
64.0,3.411583343160432,-76.5500259020879,964.377,4.15,0.97,-21.65,42.47,-68.7
64.1,3.4115826914558487,-76.55002959648291,964.786,4.23,0.65,-10.9,44.55,-48.01
64.2,3.4115818986371464,-76.55003336989252,965.214,4.28,0.27,1.28,44.55,2.24
64.3,3.411581104549286,-76.55003714934266,965.628,4.28,-0.15,1.95,42.41,5.11
64.4,3.41158031716485,-76.55004089688794,965.994,4.25,-0.58,0.26,37.9,0.69
64.5,3.411579544459815,-76.55004457456683,966.285,4.17,-0.99,-1.7,30.64,-4.45
64.6,3.41157879393182,-76.5500481466944,966.483,4.05,-1.37,-1.9,20.44,-4.98
64.7,3.4115780721955034,-76.55005158178837,966.584,3.89,-1.7,-0.3,7.87,-1.33
64.8,3.411577384699087,-76.550054853918,966.593,3.71,-1.96,-6.0,-5.33,-33.74
64.9,3.411576685907199,-76.55005790705117,966.522,3.5,-2.15,-12.82,-17.11,-51.4
65.0,3.411574119647882,-76.55005936777958,966.389,3.28,-2.26,-7.0,-26.38,-35.52
65.1,3.411571733937413,-76.55006072573865,966.212,3.05,-1.4,-1.84,-33.12,-4.82
65.2,3.411569386417431,-76.55006206195947,965.995,3.0,-0.24,-1.77,-38.05,-4.64
65.3,3.411567038897449,-76.5500633981803,965.742,3.0,0.0,0.13,-41.52,0.35
65.4,3.4115646913774675,-76.55006473440113,965.464,3.0,0.0,1.9,-43.73,4.98
65.5,3.4115623438574856,-76.55006607062195,965.168,3.0,0.0,1.7,-44.82,4.45
65.6,3.4115599963375036,-76.55006740684279,964.867,3.0,0.0,-0.26,-44.88,-0.69
65.7,3.4115576488175217,-76.5500687430636,964.571,3.0,0.0,-1.95,-43.91,-5.11
65.8,3.4115553012975397,-76.55007007928444,964.29,3.0,0.0,-1.62,-41.84,-4.24
65.9,3.4115529537775577,-76.55007141550527,964.034,3.0,0.0,0.39,-38.54,1.03
66.0,3.4115506062575762,-76.55007275172609,963.812,3.0,0.0,2.0,-33.79,5.23
66.1,3.4115482587375943,-76.55007408794692,963.632,3.0,0.0,1.53,-27.4,4.01
66.2,3.4115459112176123,-76.55007542416774,963.501,3.0,0.0,-0.52,-19.24,-1.37
66.3,3.4115435636976303,-76.55007676038858,963.423,3.0,0.0,-2.03,-9.5,-5.33
66.4,3.4115412161776484,-76.55007809660941,963.4,3.0,0.1,-1.44,1.15,-3.77
66.5,3.4115388537818427,-76.55007944129763,963.435,3.02,0.34,0.65,11.76,1.7
66.6,3.4115364537190143,-76.55008080742613,963.528,3.07,0.61,2.06,21.37,5.4
66.7,3.411533995080863,-76.55008220689601,963.679,3.14,0.87,-0.14,29.42,-5.09
66.8,3.4115314593173496,-76.55008365026605,963.889,3.24,1.09,-5.17,35.7,-26.16
66.9,3.411528642893788,-76.55008461658545,964.155,3.36,1.26,-6.39,40.27,-29.18
67.0,3.4115255426111197,-76.5500851373384,964.471,3.49,1.39,-2.63,43.26,-11.32
67.1,3.4115223150571525,-76.55008567946905,964.827,3.64,1.45,0.89,44.72,2.34
67.2,3.411518957641347,-76.55008624341254,965.207,3.78,1.44,2.1,44.63,5.49
67.3,3.4115154745283327,-76.5500868284693,965.588,3.92,1.35,1.13,42.78,2.95
67.4,3.4115118772052333,-76.5500874327099,965.943,4.05,1.18,-1.01,38.76,-2.65
67.5,3.411508184629549,-76.55008805295002,966.245,4.16,0.93,-2.1,31.96,-5.5
67.6,3.411504422806061,-76.55008868482165,966.466,4.24,0.6,-1.01,21.71,-2.65
67.7,3.411500623708337,-76.55008932295422,966.584,4.28,0.22,1.13,8.09,2.95
67.8,3.411496823571148,-76.55008996126139,966.587,4.28,-0.2,2.1,-7.09,5.49
67.9,3.4114930607103733,-76.55009059330726,966.479,4.24,-0.63,0.89,-20.78,2.34
68.0,3.411489373137317,-76.55009121270709,966.271,4.15,-1.05,-1.23,-31.13,-3.23
68.1,3.4114857962856937,-76.55009181350908,965.987,4.03,-1.42,-2.08,-38.07,-5.46
68.2,3.41148236114236,-76.55009239050842,965.655,3.87,-1.74,-0.77,-42.26,-2.02
68.3,3.4114790929776673,-76.55009293946044,965.302,3.68,-1.99,1.34,-44.39,3.51
68.4,3.4114760107429127,-76.55009345718189,964.955,3.47,-2.17,2.06,-44.93,5.4
68.5,3.4114731270821927,-76.55009394154895,964.632,3.25,-2.28,0.44,-44.19,0.46
68.6,3.411470448823954,-76.55009439141467,964.345,3.02,-1.24,-2.64,-42.36,-10.75
68.7,3.4114677789212293,-76.55009476791929,964.083,3.0,-0.09,-3.83,-39.32,-15.71
68.8,3.4114650804259568,-76.55009485828943,963.854,3.0,0.0,-1.32,-34.88,-6.02
68.9,3.4114623819306846,-76.55009494865955,963.665,3.0,0.0,1.53,-28.84,4.01
69.0,3.411459683435412,-76.55009503902967,963.523,3.0,0.0,2.0,-21.04,5.23
69.1,3.41145698494014,-76.5500951293998,963.434,3.0,0.0,0.39,-11.59,1.03
69.2,3.4114542864448674,-76.55009521976993,963.4,3.0,0.0,-1.62,-1.04,-4.24
69.3,3.4114515879495952,-76.55009531014005,963.423,3.0,0.0,-1.95,9.62,-5.11
69.4,3.4114488894543227,-76.55009540051019,963.502,3.0,0.0,-0.26,19.34,-0.69
69.5,3.41144619095905,-76.55009549088031,963.634,3.0,0.0,1.7,27.48,4.45
69.6,3.411443492463778,-76.55009558125043,963.814,3.0,0.0,1.9,33.85,4.98
69.7,3.4114407939685054,-76.55009567162057,964.036,3.0,0.0,0.13,38.58,0.35
69.8,3.4114380954732333,-76.55009576199069,964.293,3.0,0.0,-1.77,41.87,-4.64
69.9,3.4114353969779607,-76.55009585236081,964.574,3.0,0.11,-1.84,43.93,-4.82
70.0,3.4114326778603234,-76.55009594342157,964.873,3.02,0.37,-0.0,44.89,-0.0
70.1,3.4114299121824643,-76.55009603604158,965.181,3.07,0.65,1.84,44.78,4.82
70.2,3.411427076233551,-76.5500961310149,965.491,3.15,0.9,1.77,43.54,4.64
70.3,3.411424149092074,-76.55009622904218,965.79,3.25,1.11,-0.05,40.96,0.13
70.4,3.411421113320416,-76.55009633070738,966.065,3.37,1.28,-1.28,36.67,-1.34
70.5,3.411417957786027,-76.55009646731351,966.3,3.51,1.4,-0.68,30.15,1.47
70.6,3.411414683954825,-76.5500967839366,966.478,3.65,1.45,0.74,20.85,3.47
70.7,3.4114112791902578,-76.55009711322268,966.581,3.8,1.43,1.95,8.66,5.11
70.8,3.4114077486196446,-76.55009745467588,966.593,3.94,1.33,1.62,-5.34,4.24
70.9,3.411404104805355,-76.55009780708126,966.503,4.07,1.15,-0.39,-18.81,-1.03
71.0,3.4114003678279317,-76.55009816849675,966.31,4.17,0.89,-2.0,-29.71,-5.23
71.1,3.411396564777368,-76.5500985363024,966.021,4.25,0.55,-1.53,-37.4,-4.01
71.2,3.411392728579523,-76.55009890731382,965.657,4.28,0.16,0.52,-42.16,1.37
71.3,3.4113888962006462,-76.55009927795591,965.246,4.28,-0.26,2.03,-44.47,5.33
71.4,3.411385106404269,-76.5500996444797,964.822,4.23,-0.69,1.16,-44.64,2.17
71.5,3.4113813973403873,-76.55010000319558,964.419,4.14,-1.1,-1.31,-42.82,-5.56
71.6,3.411377796984049,-76.55010025625188,964.066,4.01,-1.47,-2.56,-38.93,-8.33
71.7,3.4113743404218058,-76.55010045878613,963.782,3.85,-1.77,-1.45,-32.86,-4.17
71.8,3.411371055676961,-76.5501006512529,963.578,3.66,-2.01,0.77,-24.55,2.02
71.9,3.411367961105278,-76.55010083257663,963.454,3.44,-2.18,2.08,-14.36,5.46
72.0,3.4113650687192063,-76.55010100205347,963.403,3.22,-2.22,1.23,-3.26,3.23
72.1,3.4113623733232012,-76.55010115998785,963.414,3.0,-1.1,-0.89,7.46,-2.34
72.2,3.411359677927196,-76.55010131792224,963.481,3.0,0.0,-2.1,17.44,-5.49
72.3,3.411356982531191,-76.55010147585662,963.602,3.0,0.0,-1.13,25.94,-2.95
72.4,3.411354287135186,-76.550101633791,963.773,3.0,0.0,1.01,32.68,2.65
72.5,3.411351591739181,-76.55010179172538,963.987,3.0,0.0,2.1,37.73,5.5
72.6,3.411348896343176,-76.55010194965976,964.237,3.0,0.0,1.01,41.3,2.65
72.7,3.411346200947171,-76.55010210759414,964.514,3.0,0.0,-1.13,43.6,-2.95
72.8,3.411343505551166,-76.55010226552852,964.808,3.0,0.0,-2.1,44.78,-5.49
72.9,3.4113408101551608,-76.5501024234629,965.11,3.0,0.0,-0.89,44.91,-2.34
73.0,3.4113381147591557,-76.55010258139728,965.407,3.0,0.0,1.23,44.03,3.23
73.1,3.4113354193631507,-76.55010273933166,965.689,3.0,0.0,2.08,42.04,5.46
73.2,3.4113327239671456,-76.55010289726604,965.948,3.0,0.0,0.76,38.84,1.93
73.3,3.4113300285711405,-76.55010305520042,966.173,3.0,0.0,-1.39,34.21,-3.78
73.4,3.4113273328435225,-76.55010320724597,966.356,3.0,0.13,-2.11,27.95,-5.67
73.5,3.411324612818111,-76.55010335529943,966.492,3.03,0.41,-0.66,19.85,-1.79
73.6,3.411321843143112,-76.55010350605535,966.575,3.08,0.68,1.44,9.92,3.77
73.7,3.4113190004547587,-76.55010366078545,966.6,3.16,0.93,2.03,-1.3,5.33
73.8,3.411316064252896,-76.55010382060559,966.559,3.27,1.13,0.52,-12.71,1.37
73.9,3.411313017611117,-76.55010398643707,966.447,3.39,1.3,-1.53,-23.06,-4.01
74.0,3.4113098480104416,-76.5501041589613,966.261,3.53,1.41,-2.0,-31.52,-5.23
74.1,3.411306548253434,-76.55010433857008,966.003,3.67,1.45,-0.39,-37.82,-1.03
74.2,3.4113031173743162,-76.55010452531593,965.678,3.82,1.43,1.62,-42.04,4.24
74.3,3.411299561417183,-76.55010471886992,965.3,3.96,1.32,1.95,-44.33,5.11
74.4,3.41129589391987,-76.55010491849512,964.892,4.08,1.12,0.26,-44.76,0.69
74.5,3.4112921359313337,-76.55010512304584,964.481,4.18,0.85,-1.92,-43.23,-5.75
74.6,3.4112883154215656,-76.55010533099966,964.1,4.25,0.51,-2.91,-39.4,-10.85
74.7,3.4112844645905716,-76.55010545846115,963.781,4.28,0.11,-1.48,-32.75,-8.18
74.8,3.411280618782928,-76.55010538406418,963.55,4.27,-0.31,1.21,-22.75,1.37
74.9,3.4112768205117034,-76.5501053105868,963.423,4.22,-0.74,1.84,-9.57,4.82
75.0,3.411273107854469,-76.55010523876562,963.406,4.13,-1.15,-0.0,5.03,-0.0
75.1,3.4112695157546375,-76.55010516927662,963.491,3.99,-1.51,-1.84,18.34,-4.82
75.2,3.4112660742657908,-76.55010510270118,963.661,3.82,-1.81,-1.77,28.62,-4.64
75.3,3.4112628074331037,-76.55010503950444,963.894,3.63,-2.04,0.13,35.78,0.35
75.4,3.4112597328475283,-76.55010498002673,964.166,3.42,-2.2,1.9,40.43,4.98
75.5,3.4112568617942145,-76.55010492448635,964.455,3.19,-2.08,1.7,43.2,4.45
75.6,3.4112541622947923,-76.55010487226465,964.746,3.0,-0.95,-0.26,44.62,-0.69
75.7,3.41125146279537,-76.55010482004296,965.047,3.0,0.0,-1.95,44.97,-5.11
75.8,3.411248763295948,-76.55010476782127,965.346,3.0,0.0,-1.62,44.3,-4.24
75.9,3.4112460637965256,-76.55010471559959,965.632,3.0,0.0,0.39,42.55,1.03
76.0,3.4112433642971034,-76.5501046633779,965.896,3.0,0.0,2.0,39.62,5.23
76.1,3.411240664797681,-76.5501046111562,966.129,3.0,0.0,1.53,35.31,4.01
76.2,3.411237965298259,-76.5501045589345,966.321,3.0,0.0,-0.45,29.4,-0.97
76.3,3.4112352657988367,-76.55010450671283,966.467,3.0,0.0,-1.73,21.75,-3.58
76.4,3.411232566202827,-76.55010447922476,966.561,3.0,0.0,-1.04,12.41,-1.47
76.5,3.411229866378173,-76.55010451028653,966.599,3.0,0.0,0.81,1.92,2.65
76.6,3.4112271665535188,-76.5501045413483,966.581,3.0,0.0,2.06,-8.77,5.4
76.7,3.411224466728865,-76.55010457241009,966.507,3.0,0.0,1.34,-18.6,3.51
76.8,3.411221766904211,-76.55010460347187,966.379,3.0,0.0,-0.77,-26.88,-2.02
76.9,3.4112190669922735,-76.55010463453465,966.202,3.0,0.15,-2.08,-33.39,-5.46
77.0,3.411216339700221,-76.55010466591243,965.981,3.03,0.45,-1.23,-38.29,-3.23
77.1,3.4112135596135436,-76.55010469789764,965.719,3.09,0.71,0.89,-41.75,2.34
77.2,3.4112107036691386,-76.55010473075558,965.421,3.17,0.95,2.1,-43.93,5.49
77.3,3.411207751748722,-76.55010476471774,965.097,3.28,1.16,1.13,-44.89,2.95
77.4,3.4112046874057143,-76.55010479997335,964.755,3.41,1.32,-1.01,-44.58,-2.65
77.5,3.411201498712573,-76.55010483665961,964.412,3.54,1.42,-2.1,-42.83,-5.5
77.6,3.41119817918073,-76.55010487485119,964.086,3.69,1.45,-1.01,-39.27,-2.65
77.7,3.4111947286632973,-76.55010491454976,963.799,3.83,1.42,1.13,-33.33,2.95
77.8,3.411191154107593,-76.55010495567541,963.575,3.97,1.3,2.1,-24.35,5.49
77.9,3.4111874699920683,-76.55010499806157,963.437,4.09,1.1,0.89,-11.98,2.34
78.0,3.4111836982766723,-76.55010504145557,963.402,4.19,0.81,-1.23,2.74,-3.23
78.1,3.4111798677326552,-76.55010508552638,963.479,4.26,0.46,-1.38,17.14,-1.36
78.2,3.4111760126036783,-76.55010512988007,963.666,4.28,0.06,0.85,28.74,7.39
78.3,3.4111721844541405,-76.55010542793553,963.948,4.27,-0.36,2.47,36.81,10.06
78.4,3.4111684123550137,-76.55010579629385,964.299,4.21,-0.79,2.27,41.78,6.62
78.5,3.4111647298481786,-76.55010615590318,964.69,4.11,-1.19,0.65,44.3,1.7
78.6,3.411161171209123,-76.5501065034164,965.088,3.97,-1.55,-1.44,44.82,-3.77
78.7,3.4111577656781016,-76.55010683597808,965.463,3.8,-1.84,-2.03,43.64,-5.33
78.8,3.4111545364282536,-76.55010715132532,965.795,3.61,-2.06,-0.52,40.87,-1.37
78.9,3.411151500198996,-76.55010744782345,966.071,3.39,-2.21,1.53,36.57,4.01
79.0,3.411148667505546,-76.55010772444561,966.284,3.16,-1.95,2.0,30.79,5.23
79.1,3.411145980240424,-76.5501079868662,966.44,3.0,-0.81,0.39,23.52,1.03
79.2,3.4111432929753023,-76.55010824928678,966.545,3.0,0.0,-1.62,14.51,-4.24
79.3,3.4111406057101803,-76.55010851170736,966.596,3.0,0.0,-1.95,4.2,-5.11
79.4,3.4111379184450588,-76.55010877412795,966.589,3.0,0.0,-0.26,-6.54,-0.69
79.5,3.411135231179937,-76.55010903654853,966.527,3.0,0.0,1.7,-16.63,4.45
79.6,3.4111325439148152,-76.55010929896912,966.41,3.0,0.0,1.9,-25.27,4.98
79.7,3.4111298566496937,-76.5501095613897,966.244,3.0,0.0,0.13,-32.16,0.35
79.8,3.4111271693845717,-76.55010982381029,966.033,3.0,0.0,-1.77,-37.35,-4.64
79.9,3.41112448211945,-76.55011008623087,965.786,3.0,0.0,-2.18,-41.04,-6.81
80.0,3.411121794854328,-76.55011034865146,965.511,3.0,0.0,-1.15,-43.44,-6.68
80.1,3.411119102257297,-76.55011048832834,965.217,3.0,0.0,0.57,-44.71,-2.57
80.2,3.4111164023949203,-76.55011046075269,964.917,3.0,0.0,1.31,-44.94,1.93
80.3,3.411113702532543,-76.55011043317703,964.619,3.0,0.02,-0.13,-44.14,-0.35
80.4,3.411110999212827,-76.55011040556606,964.334,3.0,0.19,-1.9,-42.26,-4.98
80.5,3.4111082653338882,-76.55011037764298,964.07,3.04,0.48,-1.7,-39.11,-4.45
80.6,3.4111054757271986,-76.5501103491507,963.836,3.1,0.75,0.26,-34.41,0.69
80.7,3.411102607644762,-76.55011031985688,963.641,3.19,0.98,1.95,-27.77,5.11
80.8,3.411099641369388,-76.55011028956017,963.496,3.3,1.18,1.62,-18.81,4.24
80.9,3.4110965609584065,-76.55011025809769,963.414,3.42,1.33,-0.39,-7.56,-1.03
81.0,3.41109335510393,-76.55011022535398,963.407,3.56,1.43,-2.0,5.14,-5.23
81.1,3.411090018056845,-76.55011019127028,963.483,3.71,1.45,-1.53,17.56,-4.01
81.2,3.411086550519109,-76.5501101558538,963.649,3.85,1.41,0.52,28.07,1.37
81.3,3.4110829603663406,-76.55011011918496,963.904,3.99,1.28,2.03,35.92,5.33
81.4,3.4110792630326525,-76.55011008142141,964.238,4.11,1.06,1.44,41.15,3.77
81.5,3.411075481388705,-76.55011004279673,964.631,4.2,0.77,-0.65,44.03,-1.7
81.6,3.411071644987079,-76.55011000361279,965.057,4.26,0.42,-2.06,44.79,-5.4
81.7,3.411067788640787,-76.55010996422511,965.48,4.29,0.01,-1.34,43.46,-3.51
81.8,3.4110639504270326,-76.55010992502265,965.867,4.26,-0.42,0.77,39.86,2.02
81.9,3.41106016933571,-76.55010988640362,966.188,4.2,-0.84,1.93,33.66,4.54
82.0,3.411056482868283,-76.55010984875105,966.422,4.1,-1.24,0.76,24.54,0.47
82.1,3.4110529263005294,-76.55010975838834,966.558,3.95,-1.59,-1.37,12.7,-5.1
82.2,3.411049528248824,-76.55010961696905,966.6,3.78,-1.87,-2.25,-0.52,-6.4
82.3,3.4110463096791332,-76.5501094830194,966.556,3.58,-2.08,-1.13,-13.02,-2.95
82.4,3.4110432865808336,-76.55010935720483,966.444,3.36,-2.23,1.01,-23.26,2.65
82.5,3.4110404687534204,-76.55010923993318,966.281,3.13,-1.81,2.1,-30.89,5.5
82.6,3.4110377710776834,-76.55010912766197,966.079,3.0,-0.67,1.01,-36.42,2.65
82.7,3.4110350734019463,-76.55010901539076,965.839,3.0,0.0,-1.13,-40.4,-2.95
82.8,3.411032375726209,-76.55010890311954,965.569,3.0,0.0,-2.1,-43.05,-5.49
82.9,3.411029678050472,-76.55010879084833,965.278,3.0,0.0,-0.89,-44.54,-2.34
83.0,3.411026980374735,-76.55010867857712,964.978,3.0,0.0,1.23,-44.98,3.23
83.1,3.411024282698998,-76.55010856630591,964.679,3.0,0.0,2.08,-44.39,5.46
83.2,3.4110215850232604,-76.55010845403469,964.391,3.0,0.0,0.77,-42.74,2.02
83.3,3.4110188873475233,-76.55010834176348,964.124,3.0,0.0,-1.34,-39.91,-3.51
83.4,3.4110161896717863,-76.55010822949227,963.889,3.0,0.0,-2.06,-35.72,-5.4
83.5,3.4110134919960493,-76.55010811722106,963.693,3.0,0.0,-0.65,-29.95,-1.7
83.6,3.411010794320312,-76.55010800494983,963.543,3.0,0.0,1.44,-22.44,3.77
83.7,3.411008096644575,-76.55010789267862,963.445,3.0,0.0,2.03,-13.24,5.33
83.8,3.411005398968838,-76.55010778040742,963.402,3.0,0.04,0.52,-2.81,1.37
83.9,3.4110026942680234,-76.55010766784383,963.416,3.01,0.23,-1.53,7.93,-4.01
84.0,3.410999955677,-76.55010755386982,963.487,3.05,0.52,-2.0,18.05,-5.23
84.1,3.410998421,-76.55010749,963.551,3.11,0.65,-0.39,20.67,-1.03
